Simulation,Voltage_Max,Voltage_Min,GD_Config,
1,0.9999836303320939,1,[],
2,1.0532193717816232,1,[],
3,1.0364474069922913,1,[],
4,1.025948165184834,1,[],
