Simulation,Voltage_Max,Voltage_Min,GD_Config,
1,0.9999864169121062,0.9612617091362639,[],
2,1.0569638673727455,0.9609804751257656,[],
