Simulation,Voltage_Max,Voltage_Min,GD_Config,
1,0.9999836303320939,0.9677717301016107,[],
2,1.050877938510516,0.9692650544772353,[],
3,1.028816412255238,0.9387135178180573,[],
4,1.0170226841652856,0.9305659228593761,[],
