Simulation,Case,SimulationCount,Voltage_Max,Voltage_Min,GD_Config,HC,
1,1,1,0.9999764485882503,1,[],0,
2,1,2,1.0519916811810524,1,[],0.30258343685748534,
3,1,3,1.0520787637597586,1,[],0.5543506040563935,
4,1,4,1.052182963913772,1,[],0.34962871093778974,
5,1,5,1.0513423161038138,1,[],0.5517519666402566,
