Case,Simulation,Voltage_Max,Voltage_Min,GD_Config,
,1,0.9999764485882503,1,[],
,2,1.0501216621433727,1,[],
,3,1.0504953317537276,1,[],
,4,1.0504953317537276,1,[],
