Case,Simulation,Voltage_Max,Voltage_Min,GD_Config,
,1,0.9999764485882503,1,[],
,2,1.0774088538716484,1,[],
,3,1.0590818423756152,1,[],
,4,1.0451054859155569,1,[],
